row,col,plot
1,1,BORLAUG 100
1,2,BORLAUG 100
1,3,BORLAUG 100
1,4,BORLAUG 100
1,5,BORLAUG 100
1,6,BORLAUG 100
1,7,BORLAUG 100
1,8,BORLAUG 100
1,9,BORLAUG 100
1,10,BORLAUG 100
1,11,BORLAUG 100
1,12,BORLAUG 100
1,13,BORLAUG 100
1,14,BORLAUG 100
1,15,BORLAUG 100
1,16,BORLAUG 100
1,17,BORLAUG 100
1,18,BORLAUG 100
1,19,BORLAUG 100
1,20,BORLAUG 100
1,21,BORLAUG 100
1,22,BORLAUG 100
1,23,BORLAUG 100
1,24,BORLAUG 100
1,25,BORLAUG 100
1,26,BORLAUG 100
1,27,BORLAUG 100
1,28,BORLAUG 100
1,29,BORLAUG 100
1,30,BORLAUG 100
1,31,BORLAUG 100
1,32,BORLAUG 100
1,33,BORLAUG 100
1,34,BORLAUG 100
1,35,BORLAUG 100
1,36,BORLAUG 100
1,37,BORLAUG 100
1,38,BORLAUG 100
1,39,BORLAUG 100
1,40,BORLAUG 100
1,41,BORLAUG 100
1,42,BORLAUG 100
1,43,BORLAUG 100
1,44,BORLAUG 100
1,45,BORLAUG 100
1,46,BORLAUG 100
1,47,BORLAUG 100
1,48,BORLAUG 100
1,49,BORLAUG 100
1,50,BORLAUG 100
1,51,BORLAUG 100
1,52,BORLAUG 100
1,53,BORLAUG 100
1,54,BORLAUG 100
1,55,BORLAUG 100
1,56,BORLAUG 100
1,57,BORLAUG 100
1,58,BORLAUG 100
1,59,BORLAUG 100
1,60,BORLAUG 100
1,61,BORLAUG 100
1,62,BORLAUG 100
1,63,BORLAUG 100
1,64,BORLAUG 100
1,65,BORLAUG 100
1,66,BORLAUG 100
1,67,BORLAUG 100
1,68,BORLAUG 100
1,69,BORLAUG 100
1,70,BORLAUG 100
1,71,BORLAUG 100
1,72,BORLAUG 100
1,73,BORLAUG 100
1,74,BORLAUG 100
1,75,BORLAUG 100
1,76,BORLAUG 100
1,77,BORLAUG 100
1,78,BORLAUG 100
1,79,BORLAUG 100
1,80,BORLAUG 100
1,81,BORLAUG 100
1,82,BORLAUG 100
1,83,BORLAUG 100
1,84,BORLAUG 100
1,85,BORLAUG 100
1,86,BORLAUG 100
1,87,BORLAUG 100
1,88,BORLAUG 100
1,89,BORLAUG 100
1,90,BORLAUG 100
1,91,BORLAUG 100
1,92,BORLAUG 100
1,93,BORLAUG 100
1,94,BORLAUG 100
1,95,BORLAUG 100
1,96,BORLAUG 100
1,97,BORLAUG 100
1,98,BORLAUG 100
1,99,BORLAUG 100
1,100,BORLAUG 100
1,101,BORLAUG 100
1,102,BORLAUG 100
1,103,BORLAUG 100
1,104,BORLAUG 100
1,105,BORLAUG 100
2,1,690
2,2,689
2,3,688
2,4,687
2,5,686
2,6,685
2,7,684
2,8,683
2,9,682
2,10,681
2,11,680
2,12,679
2,13,678
2,14,677
2,15,676
2,16,715
2,17,714
2,18,713
2,19,712
2,20,711
2,21,710
2,22,709
2,23,708
2,24,707
2,25,706
2,26,705
2,27,704
2,28,703
2,29,702
2,30,701
2,31,1890
2,32,1889
2,33,1888
2,34,1887
2,35,1886
2,36,1885
2,37,1884
2,38,1883
2,39,1882
2,40,1881
2,41,1880
2,42,1879
2,43,1878
2,44,1877
2,45,1876
2,46,1915
2,47,1914
2,48,1913
2,49,1912
2,50,1911
2,51,1910
2,52,1909
2,53,1908
2,54,1907
2,55,1906
2,56,1905
2,57,1904
2,58,1903
2,59,1902
2,60,1901
2,61,3090
2,62,3089
2,63,3088
2,64,3087
2,65,3086
2,66,3085
2,67,3084
2,68,3083
2,69,3082
2,70,3081
2,71,3080
2,72,3079
2,73,3078
2,74,3077
2,75,3076
2,76,3115
2,77,3114
2,78,3113
2,79,3112
2,80,3111
2,81,3110
2,82,3109
2,83,3108
2,84,3107
2,85,3106
2,86,3105
2,87,3104
2,88,3103
2,89,3102
2,90,3101
2,91,45
2,92,44
2,93,43
2,94,42
2,95,41
2,96,40
2,97,39
2,98,38
2,99,37
2,100,36
2,101,35
2,102,34
2,103,33
2,104,32
2,105,31
3,1,661
3,2,662
3,3,663
3,4,664
3,5,665
3,6,666
3,7,667
3,8,668
3,9,669
3,10,670
3,11,671
3,12,672
3,13,673
3,14,674
3,15,675
3,16,716
3,17,717
3,18,718
3,19,719
3,20,720
3,21,721
3,22,722
3,23,723
3,24,724
3,25,725
3,26,726
3,27,727
3,28,728
3,29,729
3,30,730
3,31,1861
3,32,1862
3,33,1863
3,34,1864
3,35,1865
3,36,1866
3,37,1867
3,38,1868
3,39,1869
3,40,1870
3,41,1871
3,42,1872
3,43,1873
3,44,1874
3,45,1875
3,46,1916
3,47,1917
3,48,1918
3,49,1919
3,50,1920
3,51,1921
3,52,1922
3,53,1923
3,54,1924
3,55,1925
3,56,1926
3,57,1927
3,58,1928
3,59,1929
3,60,1930
3,61,3061
3,62,3062
3,63,3063
3,64,3064
3,65,3065
3,66,3066
3,67,3067
3,68,3068
3,69,3069
3,70,3070
3,71,3071
3,72,3072
3,73,3073
3,74,3074
3,75,3075
3,76,3116
3,77,3117
3,78,3118
3,79,3119
3,80,3120
3,81,3121
3,82,3122
3,83,3123
3,84,3124
3,85,3125
3,86,3126
3,87,3127
3,88,3128
3,89,3129
3,90,3130
3,91,16
3,92,17
3,93,18
3,94,19
3,95,20
3,96,21
3,97,22
3,98,23
3,99,24
3,100,25
3,101,26
3,102,27
3,103,28
3,104,29
3,105,30
4,1,660
4,2,659
4,3,658
4,4,657
4,5,656
4,6,655
4,7,654
4,8,653
4,9,652
4,10,651
4,11,650
4,12,649
4,13,648
4,14,647
4,15,646
4,16,745
4,17,744
4,18,743
4,19,742
4,20,741
4,21,740
4,22,739
4,23,738
4,24,737
4,25,736
4,26,735
4,27,734
4,28,733
4,29,732
4,30,731
4,31,1860
4,32,1859
4,33,1858
4,34,1857
4,35,1856
4,36,1855
4,37,1854
4,38,1853
4,39,1852
4,40,1851
4,41,1850
4,42,1849
4,43,1848
4,44,1847
4,45,1846
4,46,1945
4,47,1944
4,48,1943
4,49,1942
4,50,1941
4,51,1940
4,52,1939
4,53,1938
4,54,1937
4,55,1936
4,56,1935
4,57,1934
4,58,1933
4,59,1932
4,60,1931
4,61,3060
4,62,3059
4,63,3058
4,64,3057
4,65,3056
4,66,3055
4,67,3054
4,68,3053
4,69,3052
4,70,3051
4,71,3050
4,72,3049
4,73,3048
4,74,3047
4,75,3046
4,76,3145
4,77,3144
4,78,3143
4,79,3142
4,80,3141
4,81,3140
4,82,3139
4,83,3138
4,84,3137
4,85,3136
4,86,3135
4,87,3134
4,88,3133
4,89,3132
4,90,3131
4,91,15
4,92,14
4,93,13
4,94,12
4,95,11
4,96,10
4,97,9
4,98,8
4,99,7
4,100,6
4,101,5
4,102,4
4,103,3
4,104,2
4,105,1
5,1,631
5,2,632
5,3,633
5,4,634
5,5,635
5,6,636
5,7,637
5,8,638
5,9,639
5,10,640
5,11,641
5,12,642
5,13,643
5,14,644
5,15,645
5,16,746
5,17,747
5,18,748
5,19,749
5,20,750
5,21,751
5,22,752
5,23,753
5,24,754
5,25,755
5,26,756
5,27,757
5,28,758
5,29,759
5,30,760
5,31,1831
5,32,1832
5,33,1833
5,34,1834
5,35,1835
5,36,1836
5,37,1837
5,38,1838
5,39,1839
5,40,1840
5,41,1841
5,42,1842
5,43,1843
5,44,1844
5,45,1845
5,46,1946
5,47,1947
5,48,1948
5,49,1949
5,50,1950
5,51,1951
5,52,1952
5,53,1953
5,54,1954
5,55,1955
5,56,1956
5,57,1957
5,58,1958
5,59,1959
5,60,1960
5,61,3031
5,62,3032
5,63,3033
5,64,3034
5,65,3035
5,66,3036
5,67,3037
5,68,3038
5,69,3039
5,70,3040
5,71,3041
5,72,3042
5,73,3043
5,74,3044
5,75,3045
5,76,3146
5,77,3147
5,78,3148
5,79,3149
5,80,3150
5,81,3151
5,82,3152
5,83,3153
5,84,3154
5,85,3155
5,86,3156
5,87,3157
5,88,3158
5,89,3159
5,90,3160
5,91,31
5,92,32
5,93,33
5,94,34
5,95,35
5,96,36
5,97,37
5,98,38
5,99,39
5,100,40
5,101,41
5,102,42
5,103,43
5,104,44
5,105,45
6,1,630
6,2,629
6,3,628
6,4,627
6,5,626
6,6,625
6,7,624
6,8,623
6,9,622
6,10,621
6,11,620
6,12,619
6,13,618
6,14,617
6,15,616
6,16,775
6,17,774
6,18,773
6,19,772
6,20,771
6,21,770
6,22,769
6,23,768
6,24,767
6,25,766
6,26,765
6,27,764
6,28,763
6,29,762
6,30,761
6,31,1830
6,32,1829
6,33,1828
6,34,1827
6,35,1826
6,36,1825
6,37,1824
6,38,1823
6,39,1822
6,40,1821
6,41,1820
6,42,1819
6,43,1818
6,44,1817
6,45,1816
6,46,1975
6,47,1974
6,48,1973
6,49,1972
6,50,1971
6,51,1970
6,52,1969
6,53,1968
6,54,1967
6,55,1966
6,56,1965
6,57,1964
6,58,1963
6,59,1962
6,60,1961
6,61,3030
6,62,3029
6,63,3028
6,64,3027
6,65,3026
6,66,3025
6,67,3024
6,68,3023
6,69,3022
6,70,3021
6,71,3020
6,72,3019
6,73,3018
6,74,3017
6,75,3016
6,76,3175
6,77,3174
6,78,3173
6,79,3172
6,80,3171
6,81,3170
6,82,3169
6,83,3168
6,84,3167
6,85,3166
6,86,3165
6,87,3164
6,88,3163
6,89,3162
6,90,3161
6,91,30
6,92,29
6,93,28
6,94,27
6,95,26
6,96,25
6,97,24
6,98,23
6,99,22
6,100,21
6,101,20
6,102,19
6,103,18
6,104,17
6,105,16
7,1,601
7,2,602
7,3,603
7,4,604
7,5,605
7,6,606
7,7,607
7,8,608
7,9,609
7,10,610
7,11,611
7,12,612
7,13,613
7,14,614
7,15,615
7,16,776
7,17,777
7,18,778
7,19,779
7,20,780
7,21,781
7,22,782
7,23,783
7,24,784
7,25,785
7,26,786
7,27,787
7,28,788
7,29,789
7,30,790
7,31,1801
7,32,1802
7,33,1803
7,34,1804
7,35,1805
7,36,1806
7,37,1807
7,38,1808
7,39,1809
7,40,1810
7,41,1811
7,42,1812
7,43,1813
7,44,1814
7,45,1815
7,46,1976
7,47,1977
7,48,1978
7,49,1979
7,50,1980
7,51,1981
7,52,1982
7,53,1983
7,54,1984
7,55,1985
7,56,1986
7,57,1987
7,58,1988
7,59,1989
7,60,1990
7,61,3001
7,62,3002
7,63,3003
7,64,3004
7,65,3005
7,66,3006
7,67,3007
7,68,3008
7,69,3009
7,70,3010
7,71,3011
7,72,3012
7,73,3013
7,74,3014
7,75,3015
7,76,3176
7,77,3177
7,78,3178
7,79,3179
7,80,3180
7,81,3181
7,82,3182
7,83,3183
7,84,3184
7,85,3185
7,86,3186
7,87,3187
7,88,3188
7,89,3189
7,90,3190
7,91,1
7,92,2
7,93,3
7,94,4
7,95,5
7,96,6
7,97,7
7,98,8
7,99,9
7,100,10
7,101,11
7,102,12
7,103,13
7,104,14
7,105,15
8,1,590
8,2,589
8,3,588
8,4,587
8,5,586
8,6,585
8,7,584
8,8,583
8,9,582
8,10,581
8,11,580
8,12,579
8,13,578
8,14,577
8,15,576
8,16,815
8,17,814
8,18,813
8,19,812
8,20,811
8,21,810
8,22,809
8,23,808
8,24,807
8,25,806
8,26,805
8,27,804
8,28,803
8,29,802
8,30,801
8,31,1790
8,32,1789
8,33,1788
8,34,1787
8,35,1786
8,36,1785
8,37,1784
8,38,1783
8,39,1782
8,40,1781
8,41,1780
8,42,1779
8,43,1778
8,44,1777
8,45,1776
8,46,2015
8,47,2014
8,48,2013
8,49,2012
8,50,2011
8,51,2010
8,52,2009
8,53,2008
8,54,2007
8,55,2006
8,56,2005
8,57,2004
8,58,2003
8,59,2002
8,60,2001
8,61,2990
8,62,2989
8,63,2988
8,64,2987
8,65,2986
8,66,2985
8,67,2984
8,68,2983
8,69,2982
8,70,2981
8,71,2980
8,72,2979
8,73,2978
8,74,2977
8,75,2976
8,76,3215
8,77,3214
8,78,3213
8,79,3212
8,80,3211
8,81,3210
8,82,3209
8,83,3208
8,84,3207
8,85,3206
8,86,3205
8,87,3204
8,88,3203
8,89,3202
8,90,3201
8,91,BORLAUG 100
8,92,BORLAUG 100
8,93,BORLAUG 100
8,94,BORLAUG 100
8,95,9456
8,96,9455
8,97,9454
8,98,9453
8,99,9452
8,100,9451
8,101,9450
8,102,9449
8,103,9448
8,104,9447
8,105,9446
9,1,561
9,2,562
9,3,563
9,4,564
9,5,565
9,6,566
9,7,567
9,8,568
9,9,569
9,10,570
9,11,571
9,12,572
9,13,573
9,14,574
9,15,575
9,16,816
9,17,817
9,18,818
9,19,819
9,20,820
9,21,821
9,22,822
9,23,823
9,24,824
9,25,825
9,26,826
9,27,827
9,28,828
9,29,829
9,30,830
9,31,1761
9,32,1762
9,33,1763
9,34,1764
9,35,1765
9,36,1766
9,37,1767
9,38,1768
9,39,1769
9,40,1770
9,41,1771
9,42,1772
9,43,1773
9,44,1774
9,45,1775
9,46,2016
9,47,2017
9,48,2018
9,49,2019
9,50,2020
9,51,2021
9,52,2022
9,53,2023
9,54,2024
9,55,2025
9,56,2026
9,57,2027
9,58,2028
9,59,2029
9,60,2030
9,61,2961
9,62,2962
9,63,2963
9,64,2964
9,65,2965
9,66,2966
9,67,2967
9,68,2968
9,69,2969
9,70,2970
9,71,2971
9,72,2972
9,73,2973
9,74,2974
9,75,2975
9,76,3216
9,77,3217
9,78,3218
9,79,3219
9,80,3220
9,81,3221
9,82,3222
9,83,3223
9,84,3224
9,85,3225
9,86,3226
9,87,3227
9,88,3228
9,89,3229
9,90,3230
9,91,9431
9,92,9432
9,93,9433
9,94,9434
9,95,9435
9,96,9436
9,97,9437
9,98,9438
9,99,9439
9,100,9440
9,101,9441
9,102,9442
9,103,9443
9,104,9444
9,105,9445
10,1,560
10,2,559
10,3,558
10,4,557
10,5,556
10,6,555
10,7,554
10,8,553
10,9,552
10,10,551
10,11,550
10,12,549
10,13,548
10,14,547
10,15,546
10,16,845
10,17,844
10,18,843
10,19,842
10,20,841
10,21,840
10,22,839
10,23,838
10,24,837
10,25,836
10,26,835
10,27,834
10,28,833
10,29,832
10,30,831
10,31,1760
10,32,1759
10,33,1758
10,34,1757
10,35,1756
10,36,1755
10,37,1754
10,38,1753
10,39,1752
10,40,1751
10,41,1750
10,42,1749
10,43,1748
10,44,1747
10,45,1746
10,46,2045
10,47,2044
10,48,2043
10,49,2042
10,50,2041
10,51,2040
10,52,2039
10,53,2038
10,54,2037
10,55,2036
10,56,2035
10,57,2034
10,58,2033
10,59,2032
10,60,2031
10,61,2960
10,62,2959
10,63,2958
10,64,2957
10,65,2956
10,66,2955
10,67,2954
10,68,2953
10,69,2952
10,70,2951
10,71,2950
10,72,2949
10,73,2948
10,74,2947
10,75,2946
10,76,3245
10,77,3244
10,78,3243
10,79,3242
10,80,3241
10,81,3240
10,82,3239
10,83,3238
10,84,3237
10,85,3236
10,86,3235
10,87,3234
10,88,3233
10,89,3232
10,90,3231
10,91,9430
10,92,9429
10,93,9428
10,94,9427
10,95,9426
10,96,9425
10,97,9424
10,98,9423
10,99,9422
10,100,9421
10,101,9420
10,102,9419
10,103,9418
10,104,9417
10,105,9416
11,1,531
11,2,532
11,3,533
11,4,534
11,5,535
11,6,536
11,7,537
11,8,538
11,9,539
11,10,540
11,11,541
11,12,542
11,13,543
11,14,544
11,15,545
11,16,846
11,17,847
11,18,848
11,19,849
11,20,850
11,21,851
11,22,852
11,23,853
11,24,854
11,25,855
11,26,856
11,27,857
11,28,858
11,29,859
11,30,860
11,31,1731
11,32,1732
11,33,1733
11,34,1734
11,35,1735
11,36,1736
11,37,1737
11,38,1738
11,39,1739
11,40,1740
11,41,1741
11,42,1742
11,43,1743
11,44,1744
11,45,1745
11,46,2046
11,47,2047
11,48,2048
11,49,2049
11,50,2050
11,51,2051
11,52,2052
11,53,2053
11,54,2054
11,55,2055
11,56,2056
11,57,2057
11,58,2058
11,59,2059
11,60,2060
11,61,2931
11,62,2932
11,63,2933
11,64,2934
11,65,2935
11,66,2936
11,67,2937
11,68,2938
11,69,2939
11,70,2940
11,71,2941
11,72,2942
11,73,2943
11,74,2944
11,75,2945
11,76,3246
11,77,3247
11,78,3248
11,79,3249
11,80,3250
11,81,3251
11,82,3252
11,83,3253
11,84,3254
11,85,3255
11,86,3256
11,87,3257
11,88,3258
11,89,3259
11,90,3260
11,91,9401
11,92,9402
11,93,9403
11,94,9404
11,95,9405
11,96,9406
11,97,9407
11,98,9408
11,99,9409
11,100,9410
11,101,9411
11,102,9412
11,103,9413
11,104,9414
11,105,9415
12,1,530
12,2,529
12,3,528
12,4,527
12,5,526
12,6,525
12,7,524
12,8,523
12,9,522
12,10,521
12,11,520
12,12,519
12,13,518
12,14,517
12,15,516
12,16,875
12,17,874
12,18,873
12,19,872
12,20,871
12,21,870
12,22,869
12,23,868
12,24,867
12,25,866
12,26,865
12,27,864
12,28,863
12,29,862
12,30,861
12,31,1730
12,32,1729
12,33,1728
12,34,1727
12,35,1726
12,36,1725
12,37,1724
12,38,1723
12,39,1722
12,40,1721
12,41,1720
12,42,1719
12,43,1718
12,44,1717
12,45,1716
12,46,2075
12,47,2074
12,48,2073
12,49,2072
12,50,2071
12,51,2070
12,52,2069
12,53,2068
12,54,2067
12,55,2066
12,56,2065
12,57,2064
12,58,2063
12,59,2062
12,60,2061
12,61,2930
12,62,2929
12,63,2928
12,64,2927
12,65,2926
12,66,2925
12,67,2924
12,68,2923
12,69,2922
12,70,2921
12,71,2920
12,72,2919
12,73,2918
12,74,2917
12,75,2916
12,76,3275
12,77,3274
12,78,3273
12,79,3272
12,80,3271
12,81,3270
12,82,3269
12,83,3268
12,84,3267
12,85,3266
12,86,3265
12,87,3264
12,88,3263
12,89,3262
12,90,3261
12,91,BORLAUG 100
12,92,BORLAUG 100
12,93,BORLAUG 100
12,94,BORLAUG 100
12,95,BORLAUG 100
12,96,BORLAUG 100
12,97,BORLAUG 100
12,98,BORLAUG 100
12,99,BORLAUG 100
12,100,BORLAUG 100
12,101,300
12,102,299
12,103,298
12,104,297
12,105,296
13,1,501
13,2,502
13,3,503
13,4,504
13,5,505
13,6,506
13,7,507
13,8,508
13,9,509
13,10,510
13,11,511
13,12,512
13,13,513
13,14,514
13,15,515
13,16,876
13,17,877
13,18,878
13,19,879
13,20,880
13,21,881
13,22,882
13,23,883
13,24,884
13,25,885
13,26,886
13,27,887
13,28,888
13,29,889
13,30,890
13,31,1701
13,32,1702
13,33,1703
13,34,1704
13,35,1705
13,36,1706
13,37,1707
13,38,1708
13,39,1709
13,40,1710
13,41,1711
13,42,1712
13,43,1713
13,44,1714
13,45,1715
13,46,2076
13,47,2077
13,48,2078
13,49,2079
13,50,2080
13,51,2081
13,52,2082
13,53,2083
13,54,2084
13,55,2085
13,56,2086
13,57,2087
13,58,2088
13,59,2089
13,60,2090
13,61,2901
13,62,2902
13,63,2903
13,64,2904
13,65,2905
13,66,2906
13,67,2907
13,68,2908
13,69,2909
13,70,2910
13,71,2911
13,72,2912
13,73,2913
13,74,2914
13,75,2915
13,76,3276
13,77,3277
13,78,3278
13,79,3279
13,80,3280
13,81,3281
13,82,3282
13,83,3283
13,84,3284
13,85,3285
13,86,3286
13,87,3287
13,88,3288
13,89,3289
13,90,3290
13,91,281
13,92,282
13,93,283
13,94,284
13,95,285
13,96,286
13,97,287
13,98,288
13,99,289
13,100,290
13,101,291
13,102,292
13,103,293
13,104,294
13,105,295
14,1,490
14,2,489
14,3,488
14,4,487
14,5,486
14,6,485
14,7,484
14,8,483
14,9,482
14,10,481
14,11,480
14,12,479
14,13,478
14,14,477
14,15,476
14,16,915
14,17,914
14,18,913
14,19,912
14,20,911
14,21,910
14,22,909
14,23,908
14,24,907
14,25,906
14,26,905
14,27,904
14,28,903
14,29,902
14,30,901
14,31,1690
14,32,1689
14,33,1688
14,34,1687
14,35,1686
14,36,1685
14,37,1684
14,38,1683
14,39,1682
14,40,1681
14,41,1680
14,42,1679
14,43,1678
14,44,1677
14,45,1676
14,46,2115
14,47,2114
14,48,2113
14,49,2112
14,50,2111
14,51,2110
14,52,2109
14,53,2108
14,54,2107
14,55,2106
14,56,2105
14,57,2104
14,58,2103
14,59,2102
14,60,2101
14,61,2890
14,62,2889
14,63,2888
14,64,2887
14,65,2886
14,66,2885
14,67,2884
14,68,2883
14,69,2882
14,70,2881
14,71,2880
14,72,2879
14,73,2878
14,74,2877
14,75,2876
14,76,3315
14,77,3314
14,78,3313
14,79,3312
14,80,3311
14,81,3310
14,82,3309
14,83,3308
14,84,3307
14,85,3306
14,86,3305
14,87,3304
14,88,3303
14,89,3302
14,90,3301
14,91,280
14,92,279
14,93,278
14,94,277
14,95,276
14,96,275
14,97,274
14,98,273
14,99,272
14,100,271
14,101,270
14,102,269
14,103,268
14,104,267
14,105,266
15,1,461
15,2,462
15,3,463
15,4,464
15,5,465
15,6,466
15,7,467
15,8,468
15,9,469
15,10,470
15,11,471
15,12,472
15,13,473
15,14,474
15,15,475
15,16,916
15,17,917
15,18,918
15,19,919
15,20,920
15,21,921
15,22,922
15,23,923
15,24,924
15,25,925
15,26,926
15,27,927
15,28,928
15,29,929
15,30,930
15,31,1661
15,32,1662
15,33,1663
15,34,1664
15,35,1665
15,36,1666
15,37,1667
15,38,1668
15,39,1669
15,40,1670
15,41,1671
15,42,1672
15,43,1673
15,44,1674
15,45,1675
15,46,2116
15,47,2117
15,48,2118
15,49,2119
15,50,2120
15,51,2121
15,52,2122
15,53,2123
15,54,2124
15,55,2125
15,56,2126
15,57,2127
15,58,2128
15,59,2129
15,60,2130
15,61,2861
15,62,2862
15,63,2863
15,64,2864
15,65,2865
15,66,2866
15,67,2867
15,68,2868
15,69,2869
15,70,2870
15,71,2871
15,72,2872
15,73,2873
15,74,2874
15,75,2875
15,76,3316
15,77,3317
15,78,3318
15,79,3319
15,80,3320
15,81,3321
15,82,3322
15,83,3323
15,84,3324
15,85,3325
15,86,3326
15,87,3327
15,88,3328
15,89,3329
15,90,3330
15,91,251
15,92,252
15,93,253
15,94,254
15,95,255
15,96,256
15,97,257
15,98,258
15,99,259
15,100,260
15,101,261
15,102,262
15,103,263
15,104,264
15,105,265
16,1,460
16,2,459
16,3,458
16,4,457
16,5,456
16,6,455
16,7,454
16,8,453
16,9,452
16,10,451
16,11,450
16,12,449
16,13,448
16,14,447
16,15,446
16,16,945
16,17,944
16,18,943
16,19,942
16,20,941
16,21,940
16,22,939
16,23,938
16,24,937
16,25,936
16,26,935
16,27,934
16,28,933
16,29,932
16,30,931
16,31,1660
16,32,1659
16,33,1658
16,34,1657
16,35,1656
16,36,1655
16,37,1654
16,38,1653
16,39,1652
16,40,1651
16,41,1650
16,42,1649
16,43,1648
16,44,1647
16,45,1646
16,46,2145
16,47,2144
16,48,2143
16,49,2142
16,50,2141
16,51,2140
16,52,2139
16,53,2138
16,54,2137
16,55,2136
16,56,2135
16,57,2134
16,58,2133
16,59,2132
16,60,2131
16,61,2860
16,62,2859
16,63,2858
16,64,2857
16,65,2856
16,66,2855
16,67,2854
16,68,2853
16,69,2852
16,70,2851
16,71,2850
16,72,2849
16,73,2848
16,74,2847
16,75,2846
16,76,3345
16,77,3344
16,78,3343
16,79,3342
16,80,3341
16,81,3340
16,82,3339
16,83,3338
16,84,3337
16,85,3336
16,86,3335
16,87,3334
16,88,3333
16,89,3332
16,90,3331
16,91,BORLAUG 100
16,92,BORLAUG 100
16,93,BORLAUG 100
16,94,BORLAUG 100
16,95,BORLAUG 100
16,96,BORLAUG 100
16,97,BORLAUG 100
16,98,BORLAUG 100
16,99,BORLAUG 100
16,100,BORLAUG 100
16,101,250
16,102,249
16,103,248
16,104,247
16,105,246
17,1,431
17,2,432
17,3,433
17,4,434
17,5,435
17,6,436
17,7,437
17,8,438
17,9,439
17,10,440
17,11,441
17,12,442
17,13,443
17,14,444
17,15,445
17,16,946
17,17,947
17,18,948
17,19,949
17,20,950
17,21,951
17,22,952
17,23,953
17,24,954
17,25,955
17,26,956
17,27,957
17,28,958
17,29,959
17,30,960
17,31,1631
17,32,1632
17,33,1633
17,34,1634
17,35,1635
17,36,1636
17,37,1637
17,38,1638
17,39,1639
17,40,1640
17,41,1641
17,42,1642
17,43,1643
17,44,1644
17,45,1645
17,46,2146
17,47,2147
17,48,2148
17,49,2149
17,50,2150
17,51,2151
17,52,2152
17,53,2153
17,54,2154
17,55,2155
17,56,2156
17,57,2157
17,58,2158
17,59,2159
17,60,2160
17,61,2831
17,62,2832
17,63,2833
17,64,2834
17,65,2835
17,66,2836
17,67,2837
17,68,2838
17,69,2839
17,70,2840
17,71,2841
17,72,2842
17,73,2843
17,74,2844
17,75,2845
17,76,3346
17,77,3347
17,78,3348
17,79,3349
17,80,3350
17,81,3351
17,82,3352
17,83,3353
17,84,3354
17,85,3355
17,86,3356
17,87,3357
17,88,3358
17,89,3359
17,90,3360
17,91,231
17,92,232
17,93,233
17,94,234
17,95,235
17,96,236
17,97,237
17,98,238
17,99,239
17,100,240
17,101,241
17,102,242
17,103,243
17,104,244
17,105,245
18,1,430
18,2,429
18,3,428
18,4,427
18,5,426
18,6,425
18,7,424
18,8,423
18,9,422
18,10,421
18,11,420
18,12,419
18,13,418
18,14,417
18,15,416
18,16,975
18,17,974
18,18,973
18,19,972
18,20,971
18,21,970
18,22,969
18,23,968
18,24,967
18,25,966
18,26,965
18,27,964
18,28,963
18,29,962
18,30,961
18,31,1630
18,32,1629
18,33,1628
18,34,1627
18,35,1626
18,36,1625
18,37,1624
18,38,1623
18,39,1622
18,40,1621
18,41,1620
18,42,1619
18,43,1618
18,44,1617
18,45,1616
18,46,2175
18,47,2174
18,48,2173
18,49,2172
18,50,2171
18,51,2170
18,52,2169
18,53,2168
18,54,2167
18,55,2166
18,56,2165
18,57,2164
18,58,2163
18,59,2162
18,60,2161
18,61,2830
18,62,2829
18,63,2828
18,64,2827
18,65,2826
18,66,2825
18,67,2824
18,68,2823
18,69,2822
18,70,2821
18,71,2820
18,72,2819
18,73,2818
18,74,2817
18,75,2816
18,76,3375
18,77,3374
18,78,3373
18,79,3372
18,80,3371
18,81,3370
18,82,3369
18,83,3368
18,84,3367
18,85,3366
18,86,3365
18,87,3364
18,88,3363
18,89,3362
18,90,3361
18,91,230
18,92,229
18,93,228
18,94,227
18,95,226
18,96,225
18,97,224
18,98,223
18,99,222
18,100,221
18,101,220
18,102,219
18,103,218
18,104,217
18,105,216
19,1,401
19,2,402
19,3,403
19,4,404
19,5,405
19,6,406
19,7,407
19,8,408
19,9,409
19,10,410
19,11,411
19,12,412
19,13,413
19,14,414
19,15,415
19,16,976
19,17,977
19,18,978
19,19,979
19,20,980
19,21,981
19,22,982
19,23,983
19,24,984
19,25,985
19,26,986
19,27,987
19,28,988
19,29,989
19,30,990
19,31,1601
19,32,1602
19,33,1603
19,34,1604
19,35,1605
19,36,1606
19,37,1607
19,38,1608
19,39,1609
19,40,1610
19,41,1611
19,42,1612
19,43,1613
19,44,1614
19,45,1615
19,46,2176
19,47,2177
19,48,2178
19,49,2179
19,50,2180
19,51,2181
19,52,2182
19,53,2183
19,54,2184
19,55,2185
19,56,2186
19,57,2187
19,58,2188
19,59,2189
19,60,2190
19,61,2801
19,62,2802
19,63,2803
19,64,2804
19,65,2805
19,66,2806
19,67,2807
19,68,2808
19,69,2809
19,70,2810
19,71,2811
19,72,2812
19,73,2813
19,74,2814
19,75,2815
19,76,3376
19,77,3377
19,78,3378
19,79,3379
19,80,3380
19,81,3381
19,82,3382
19,83,3383
19,84,3384
19,85,3385
19,86,3386
19,87,3387
19,88,3388
19,89,3389
19,90,3390
19,91,201
19,92,202
19,93,203
19,94,204
19,95,205
19,96,206
19,97,207
19,98,208
19,99,209
19,100,210
19,101,211
19,102,212
19,103,213
19,104,214
19,105,215
20,1,390
20,2,389
20,3,388
20,4,387
20,5,386
20,6,385
20,7,384
20,8,383
20,9,382
20,10,381
20,11,380
20,12,379
20,13,378
20,14,377
20,15,376
20,16,1015
20,17,1014
20,18,1013
20,19,1012
20,20,1011
20,21,1010
20,22,1009
20,23,1008
20,24,1007
20,25,1006
20,26,1005
20,27,1004
20,28,1003
20,29,1002
20,30,1001
20,31,1590
20,32,1589
20,33,1588
20,34,1587
20,35,1586
20,36,1585
20,37,1584
20,38,1583
20,39,1582
20,40,1581
20,41,1580
20,42,1579
20,43,1578
20,44,1577
20,45,1576
20,46,2215
20,47,2214
20,48,2213
20,49,2212
20,50,2211
20,51,2210
20,52,2209
20,53,2208
20,54,2207
20,55,2206
20,56,2205
20,57,2204
20,58,2203
20,59,2202
20,60,2201
20,61,2790
20,62,2789
20,63,2788
20,64,2787
20,65,2786
20,66,2785
20,67,2784
20,68,2783
20,69,2782
20,70,2781
20,71,2780
20,72,2779
20,73,2778
20,74,2777
20,75,2776
20,76,3415
20,77,3414
20,78,3413
20,79,3412
20,80,3411
20,81,3410
20,82,3409
20,83,3408
20,84,3407
20,85,3406
20,86,3405
20,87,3404
20,88,3403
20,89,3402
20,90,3401
20,91,3990
20,92,3989
20,93,3988
20,94,3987
20,95,3986
20,96,3985
20,97,3984
20,98,3983
20,99,3982
20,100,3981
20,101,3980
20,102,3979
20,103,3978
20,104,3977
20,105,3976
21,1,361
21,2,362
21,3,363
21,4,364
21,5,365
21,6,366
21,7,367
21,8,368
21,9,369
21,10,370
21,11,371
21,12,372
21,13,373
21,14,374
21,15,375
21,16,1016
21,17,1017
21,18,1018
21,19,1019
21,20,1020
21,21,1021
21,22,1022
21,23,1023
21,24,1024
21,25,1025
21,26,1026
21,27,1027
21,28,1028
21,29,1029
21,30,1030
21,31,1561
21,32,1562
21,33,1563
21,34,1564
21,35,1565
21,36,1566
21,37,1567
21,38,1568
21,39,1569
21,40,1570
21,41,1571
21,42,1572
21,43,1573
21,44,1574
21,45,1575
21,46,2216
21,47,2217
21,48,2218
21,49,2219
21,50,2220
21,51,2221
21,52,2222
21,53,2223
21,54,2224
21,55,2225
21,56,2226
21,57,2227
21,58,2228
21,59,2229
21,60,2230
21,61,2761
21,62,2762
21,63,2763
21,64,2764
21,65,2765
21,66,2766
21,67,2767
21,68,2768
21,69,2769
21,70,2770
21,71,2771
21,72,2772
21,73,2773
21,74,2774
21,75,2775
21,76,3416
21,77,3417
21,78,3418
21,79,3419
21,80,3420
21,81,3421
21,82,3422
21,83,3423
21,84,3424
21,85,3425
21,86,3426
21,87,3427
21,88,3428
21,89,3429
21,90,3430
21,91,3961
21,92,3962
21,93,3963
21,94,3964
21,95,3965
21,96,3966
21,97,3967
21,98,3968
21,99,3969
21,100,3970
21,101,3971
21,102,3972
21,103,3973
21,104,3974
21,105,3975
22,1,360
22,2,359
22,3,358
22,4,357
22,5,356
22,6,355
22,7,354
22,8,353
22,9,352
22,10,351
22,11,350
22,12,349
22,13,348
22,14,347
22,15,346
22,16,1045
22,17,1044
22,18,1043
22,19,1042
22,20,1041
22,21,1040
22,22,1039
22,23,1038
22,24,1037
22,25,1036
22,26,1035
22,27,1034
22,28,1033
22,29,1032
22,30,1031
22,31,1560
22,32,1559
22,33,1558
22,34,1557
22,35,1556
22,36,1555
22,37,1554
22,38,1553
22,39,1552
22,40,1551
22,41,1550
22,42,1549
22,43,1548
22,44,1547
22,45,1546
22,46,2245
22,47,2244
22,48,2243
22,49,2242
22,50,2241
22,51,2240
22,52,2239
22,53,2238
22,54,2237
22,55,2236
22,56,2235
22,57,2234
22,58,2233
22,59,2232
22,60,2231
22,61,2760
22,62,2759
22,63,2758
22,64,2757
22,65,2756
22,66,2755
22,67,2754
22,68,2753
22,69,2752
22,70,2751
22,71,2750
22,72,2749
22,73,2748
22,74,2747
22,75,2746
22,76,3445
22,77,3444
22,78,3443
22,79,3442
22,80,3441
22,81,3440
22,82,3439
22,83,3438
22,84,3437
22,85,3436
22,86,3435
22,87,3434
22,88,3433
22,89,3432
22,90,3431
22,91,3960
22,92,3959
22,93,3958
22,94,3957
22,95,3956
22,96,3955
22,97,3954
22,98,3953
22,99,3952
22,100,3951
22,101,3950
22,102,3949
22,103,3948
22,104,3947
22,105,3946
23,1,331
23,2,332
23,3,333
23,4,334
23,5,335
23,6,336
23,7,337
23,8,338
23,9,339
23,10,340
23,11,341
23,12,342
23,13,343
23,14,344
23,15,345
23,16,1046
23,17,1047
23,18,1048
23,19,1049
23,20,1050
23,21,1051
23,22,1052
23,23,1053
23,24,1054
23,25,1055
23,26,1056
23,27,1057
23,28,1058
23,29,1059
23,30,1060
23,31,1531
23,32,1532
23,33,1533
23,34,1534
23,35,1535
23,36,1536
23,37,1537
23,38,1538
23,39,1539
23,40,1540
23,41,1541
23,42,1542
23,43,1543
23,44,1544
23,45,1545
23,46,2246
23,47,2247
23,48,2248
23,49,2249
23,50,2250
23,51,2251
23,52,2252
23,53,2253
23,54,2254
23,55,2255
23,56,2256
23,57,2257
23,58,2258
23,59,2259
23,60,2260
23,61,2731
23,62,2732
23,63,2733
23,64,2734
23,65,2735
23,66,2736
23,67,2737
23,68,2738
23,69,2739
23,70,2740
23,71,2741
23,72,2742
23,73,2743
23,74,2744
23,75,2745
23,76,3446
23,77,3447
23,78,3448
23,79,3449
23,80,3450
23,81,3451
23,82,3452
23,83,3453
23,84,3454
23,85,3455
23,86,3456
23,87,3457
23,88,3458
23,89,3459
23,90,3460
23,91,3931
23,92,3932
23,93,3933
23,94,3934
23,95,3935
23,96,3936
23,97,3937
23,98,3938
23,99,3939
23,100,3940
23,101,3941
23,102,3942
23,103,3943
23,104,3944
23,105,3945
24,1,330
24,2,329
24,3,328
24,4,327
24,5,326
24,6,325
24,7,324
24,8,323
24,9,322
24,10,321
24,11,320
24,12,319
24,13,318
24,14,317
24,15,316
24,16,1075
24,17,1074
24,18,1073
24,19,1072
24,20,1071
24,21,1070
24,22,1069
24,23,1068
24,24,1067
24,25,1066
24,26,1065
24,27,1064
24,28,1063
24,29,1062
24,30,1061
24,31,1530
24,32,1529
24,33,1528
24,34,1527
24,35,1526
24,36,1525
24,37,1524
24,38,1523
24,39,1522
24,40,1521
24,41,1520
24,42,1519
24,43,1518
24,44,1517
24,45,1516
24,46,2275
24,47,2274
24,48,2273
24,49,2272
24,50,2271
24,51,2270
24,52,2269
24,53,2268
24,54,2267
24,55,2266
24,56,2265
24,57,2264
24,58,2263
24,59,2262
24,60,2261
24,61,2730
24,62,2729
24,63,2728
24,64,2727
24,65,2726
24,66,2725
24,67,2724
24,68,2723
24,69,2722
24,70,2721
24,71,2720
24,72,2719
24,73,2718
24,74,2717
24,75,2716
24,76,3475
24,77,3474
24,78,3473
24,79,3472
24,80,3471
24,81,3470
24,82,3469
24,83,3468
24,84,3467
24,85,3466
24,86,3465
24,87,3464
24,88,3463
24,89,3462
24,90,3461
24,91,3930
24,92,3929
24,93,3928
24,94,3927
24,95,3926
24,96,3925
24,97,3924
24,98,3923
24,99,3922
24,100,3921
24,101,3920
24,102,3919
24,103,3918
24,104,3917
24,105,3916
25,1,301
25,2,302
25,3,303
25,4,304
25,5,305
25,6,306
25,7,307
25,8,308
25,9,309
25,10,310
25,11,311
25,12,312
25,13,313
25,14,314
25,15,315
25,16,1076
25,17,1077
25,18,1078
25,19,1079
25,20,1080
25,21,1081
25,22,1082
25,23,1083
25,24,1084
25,25,1085
25,26,1086
25,27,1087
25,28,1088
25,29,1089
25,30,1090
25,31,1501
25,32,1502
25,33,1503
25,34,1504
25,35,1505
25,36,1506
25,37,1507
25,38,1508
25,39,1509
25,40,1510
25,41,1511
25,42,1512
25,43,1513
25,44,1514
25,45,1515
25,46,2276
25,47,2277
25,48,2278
25,49,2279
25,50,2280
25,51,2281
25,52,2282
25,53,2283
25,54,2284
25,55,2285
25,56,2286
25,57,2287
25,58,2288
25,59,2289
25,60,2290
25,61,2701
25,62,2702
25,63,2703
25,64,2704
25,65,2705
25,66,2706
25,67,2707
25,68,2708
25,69,2709
25,70,2710
25,71,2711
25,72,2712
25,73,2713
25,74,2714
25,75,2715
25,76,3476
25,77,3477
25,78,3478
25,79,3479
25,80,3480
25,81,3481
25,82,3482
25,83,3483
25,84,3484
25,85,3485
25,86,3486
25,87,3487
25,88,3488
25,89,3489
25,90,3490
25,91,3901
25,92,3902
25,93,3903
25,94,3904
25,95,3905
25,96,3906
25,97,3907
25,98,3908
25,99,3909
25,100,3910
25,101,3911
25,102,3912
25,103,3913
25,104,3914
25,105,3915
26,1,290
26,2,289
26,3,288
26,4,287
26,5,286
26,6,285
26,7,284
26,8,283
26,9,282
26,10,281
26,11,280
26,12,279
26,13,278
26,14,277
26,15,276
26,16,1115
26,17,1114
26,18,1113
26,19,1112
26,20,1111
26,21,1110
26,22,1109
26,23,1108
26,24,1107
26,25,1106
26,26,1105
26,27,1104
26,28,1103
26,29,1102
26,30,1101
26,31,1490
26,32,1489
26,33,1488
26,34,1487
26,35,1486
26,36,1485
26,37,1484
26,38,1483
26,39,1482
26,40,1481
26,41,1480
26,42,1479
26,43,1478
26,44,1477
26,45,1476
26,46,2315
26,47,2314
26,48,2313
26,49,2312
26,50,2311
26,51,2310
26,52,2309
26,53,2308
26,54,2307
26,55,2306
26,56,2305
26,57,2304
26,58,2303
26,59,2302
26,60,2301
26,61,2690
26,62,2689
26,63,2688
26,64,2687
26,65,2686
26,66,2685
26,67,2684
26,68,2683
26,69,2682
26,70,2681
26,71,2680
26,72,2679
26,73,2678
26,74,2677
26,75,2676
26,76,3515
26,77,3514
26,78,3513
26,79,3512
26,80,3511
26,81,3510
26,82,3509
26,83,3508
26,84,3507
26,85,3506
26,86,3505
26,87,3504
26,88,3503
26,89,3502
26,90,3501
26,91,3890
26,92,3889
26,93,3888
26,94,3887
26,95,3886
26,96,3885
26,97,3884
26,98,3883
26,99,3882
26,100,3881
26,101,3880
26,102,3879
26,103,3878
26,104,3877
26,105,3876
27,1,261
27,2,262
27,3,263
27,4,264
27,5,265
27,6,266
27,7,267
27,8,268
27,9,269
27,10,270
27,11,271
27,12,272
27,13,273
27,14,274
27,15,275
27,16,1116
27,17,1117
27,18,1118
27,19,1119
27,20,1120
27,21,1121
27,22,1122
27,23,1123
27,24,1124
27,25,1125
27,26,1126
27,27,1127
27,28,1128
27,29,1129
27,30,1130
27,31,1461
27,32,1462
27,33,1463
27,34,1464
27,35,1465
27,36,1466
27,37,1467
27,38,1468
27,39,1469
27,40,1470
27,41,1471
27,42,1472
27,43,1473
27,44,1474
27,45,1475
27,46,2316
27,47,2317
27,48,2318
27,49,2319
27,50,2320
27,51,2321
27,52,2322
27,53,2323
27,54,2324
27,55,2325
27,56,2326
27,57,2327
27,58,2328
27,59,2329
27,60,2330
27,61,2661
27,62,2662
27,63,2663
27,64,2664
27,65,2665
27,66,2666
27,67,2667
27,68,2668
27,69,2669
27,70,2670
27,71,2671
27,72,2672
27,73,2673
27,74,2674
27,75,2675
27,76,3516
27,77,3517
27,78,3518
27,79,3519
27,80,3520
27,81,3521
27,82,3522
27,83,3523
27,84,3524
27,85,3525
27,86,3526
27,87,3527
27,88,3528
27,89,3529
27,90,3530
27,91,3861
27,92,3862
27,93,3863
27,94,3864
27,95,3865
27,96,3866
27,97,3867
27,98,3868
27,99,3869
27,100,3870
27,101,3871
27,102,3872
27,103,3873
27,104,3874
27,105,3875
28,1,260
28,2,259
28,3,258
28,4,257
28,5,256
28,6,255
28,7,254
28,8,253
28,9,252
28,10,251
28,11,250
28,12,249
28,13,248
28,14,247
28,15,246
28,16,1145
28,17,1144
28,18,1143
28,19,1142
28,20,1141
28,21,1140
28,22,1139
28,23,1138
28,24,1137
28,25,1136
28,26,1135
28,27,1134
28,28,1133
28,29,1132
28,30,1131
28,31,1460
28,32,1459
28,33,1458
28,34,1457
28,35,1456
28,36,1455
28,37,1454
28,38,1453
28,39,1452
28,40,1451
28,41,1450
28,42,1449
28,43,1448
28,44,1447
28,45,1446
28,46,2345
28,47,2344
28,48,2343
28,49,2342
28,50,2341
28,51,2340
28,52,2339
28,53,2338
28,54,2337
28,55,2336
28,56,2335
28,57,2334
28,58,2333
28,59,2332
28,60,2331
28,61,2660
28,62,2659
28,63,2658
28,64,2657
28,65,2656
28,66,2655
28,67,2654
28,68,2653
28,69,2652
28,70,2651
28,71,2650
28,72,2649
28,73,2648
28,74,2647
28,75,2646
28,76,3545
28,77,3544
28,78,3543
28,79,3542
28,80,3541
28,81,3540
28,82,3539
28,83,3538
28,84,3537
28,85,3536
28,86,3535
28,87,3534
28,88,3533
28,89,3532
28,90,3531
28,91,3860
28,92,3859
28,93,3858
28,94,3857
28,95,3856
28,96,3855
28,97,3854
28,98,3853
28,99,3852
28,100,3851
28,101,3850
28,102,3849
28,103,3848
28,104,3847
28,105,3846
29,1,231
29,2,232
29,3,233
29,4,234
29,5,235
29,6,236
29,7,237
29,8,238
29,9,239
29,10,240
29,11,241
29,12,242
29,13,243
29,14,244
29,15,245
29,16,1146
29,17,1147
29,18,1148
29,19,1149
29,20,1150
29,21,1151
29,22,1152
29,23,1153
29,24,1154
29,25,1155
29,26,1156
29,27,1157
29,28,1158
29,29,1159
29,30,1160
29,31,1431
29,32,1432
29,33,1433
29,34,1434
29,35,1435
29,36,1436
29,37,1437
29,38,1438
29,39,1439
29,40,1440
29,41,1441
29,42,1442
29,43,1443
29,44,1444
29,45,1445
29,46,2346
29,47,2347
29,48,2348
29,49,2349
29,50,2350
29,51,2351
29,52,2352
29,53,2353
29,54,2354
29,55,2355
29,56,2356
29,57,2357
29,58,2358
29,59,2359
29,60,2360
29,61,2631
29,62,2632
29,63,2633
29,64,2634
29,65,2635
29,66,2636
29,67,2637
29,68,2638
29,69,2639
29,70,2640
29,71,2641
29,72,2642
29,73,2643
29,74,2644
29,75,2645
29,76,3546
29,77,3547
29,78,3548
29,79,3549
29,80,3550
29,81,3551
29,82,3552
29,83,3553
29,84,3554
29,85,3555
29,86,3556
29,87,3557
29,88,3558
29,89,3559
29,90,3560
29,91,3831
29,92,3832
29,93,3833
29,94,3834
29,95,3835
29,96,3836
29,97,3837
29,98,3838
29,99,3839
29,100,3840
29,101,3841
29,102,3842
29,103,3843
29,104,3844
29,105,3845
30,1,230
30,2,229
30,3,228
30,4,227
30,5,226
30,6,225
30,7,224
30,8,223
30,9,222
30,10,221
30,11,220
30,12,219
30,13,218
30,14,217
30,15,216
30,16,1175
30,17,1174
30,18,1173
30,19,1172
30,20,1171
30,21,1170
30,22,1169
30,23,1168
30,24,1167
30,25,1166
30,26,1165
30,27,1164
30,28,1163
30,29,1162
30,30,1161
30,31,1430
30,32,1429
30,33,1428
30,34,1427
30,35,1426
30,36,1425
30,37,1424
30,38,1423
30,39,1422
30,40,1421
30,41,1420
30,42,1419
30,43,1418
30,44,1417
30,45,1416
30,46,2375
30,47,2374
30,48,2373
30,49,2372
30,50,2371
30,51,2370
30,52,2369
30,53,2368
30,54,2367
30,55,2366
30,56,2365
30,57,2364
30,58,2363
30,59,2362
30,60,2361
30,61,2630
30,62,2629
30,63,2628
30,64,2627
30,65,2626
30,66,2625
30,67,2624
30,68,2623
30,69,2622
30,70,2621
30,71,2620
30,72,2619
30,73,2618
30,74,2617
30,75,2616
30,76,3575
30,77,3574
30,78,3573
30,79,3572
30,80,3571
30,81,3570
30,82,3569
30,83,3568
30,84,3567
30,85,3566
30,86,3565
30,87,3564
30,88,3563
30,89,3562
30,90,3561
30,91,3830
30,92,3829
30,93,3828
30,94,3827
30,95,3826
30,96,3825
30,97,3824
30,98,3823
30,99,3822
30,100,3821
30,101,3820
30,102,3819
30,103,3818
30,104,3817
30,105,3816
31,1,201
31,2,202
31,3,203
31,4,204
31,5,205
31,6,206
31,7,207
31,8,208
31,9,209
31,10,210
31,11,211
31,12,212
31,13,213
31,14,214
31,15,215
31,16,1176
31,17,1177
31,18,1178
31,19,1179
31,20,1180
31,21,1181
31,22,1182
31,23,1183
31,24,1184
31,25,1185
31,26,1186
31,27,1187
31,28,1188
31,29,1189
31,30,1190
31,31,1401
31,32,1402
31,33,1403
31,34,1404
31,35,1405
31,36,1406
31,37,1407
31,38,1408
31,39,1409
31,40,1410
31,41,1411
31,42,1412
31,43,1413
31,44,1414
31,45,1415
31,46,2376
31,47,2377
31,48,2378
31,49,2379
31,50,2380
31,51,2381
31,52,2382
31,53,2383
31,54,2384
31,55,2385
31,56,2386
31,57,2387
31,58,2388
31,59,2389
31,60,2390
31,61,2601
31,62,2602
31,63,2603
31,64,2604
31,65,2605
31,66,2606
31,67,2607
31,68,2608
31,69,2609
31,70,2610
31,71,2611
31,72,2612
31,73,2613
31,74,2614
31,75,2615
31,76,3576
31,77,3577
31,78,3578
31,79,3579
31,80,3580
31,81,3581
31,82,3582
31,83,3583
31,84,3584
31,85,3585
31,86,3586
31,87,3587
31,88,3588
31,89,3589
31,90,3590
31,91,3801
31,92,3802
31,93,3803
31,94,3804
31,95,3805
31,96,3806
31,97,3807
31,98,3808
31,99,3809
31,100,3810
31,101,3811
31,102,3812
31,103,3813
31,104,3814
31,105,3815
32,1,190
32,2,189
32,3,188
32,4,187
32,5,186
32,6,185
32,7,184
32,8,183
32,9,182
32,10,181
32,11,180
32,12,179
32,13,178
32,14,177
32,15,176
32,16,1215
32,17,1214
32,18,1213
32,19,1212
32,20,1211
32,21,1210
32,22,1209
32,23,1208
32,24,1207
32,25,1206
32,26,1205
32,27,1204
32,28,1203
32,29,1202
32,30,1201
32,31,1390
32,32,1389
32,33,1388
32,34,1387
32,35,1386
32,36,1385
32,37,1384
32,38,1383
32,39,1382
32,40,1381
32,41,1380
32,42,1379
32,43,1378
32,44,1377
32,45,1376
32,46,2415
32,47,2414
32,48,2413
32,49,2412
32,50,2411
32,51,2410
32,52,2409
32,53,2408
32,54,2407
32,55,2406
32,56,2405
32,57,2404
32,58,2403
32,59,2402
32,60,2401
32,61,2590
32,62,2589
32,63,2588
32,64,2587
32,65,2586
32,66,2585
32,67,2584
32,68,2583
32,69,2582
32,70,2581
32,71,2580
32,72,2579
32,73,2578
32,74,2577
32,75,2576
32,76,3615
32,77,3614
32,78,3613
32,79,3612
32,80,3611
32,81,3610
32,82,3609
32,83,3608
32,84,3607
32,85,3606
32,86,3605
32,87,3604
32,88,3603
32,89,3602
32,90,3601
32,91,3790
32,92,3789
32,93,3788
32,94,3787
32,95,3786
32,96,3785
32,97,3784
32,98,3783
32,99,3782
32,100,3781
32,101,3780
32,102,3779
32,103,3778
32,104,3777
32,105,3776
33,1,161
33,2,162
33,3,163
33,4,164
33,5,165
33,6,166
33,7,167
33,8,168
33,9,169
33,10,170
33,11,171
33,12,172
33,13,173
33,14,174
33,15,175
33,16,1216
33,17,1217
33,18,1218
33,19,1219
33,20,1220
33,21,1221
33,22,1222
33,23,1223
33,24,1224
33,25,1225
33,26,1226
33,27,1227
33,28,1228
33,29,1229
33,30,1230
33,31,1361
33,32,1362
33,33,1363
33,34,1364
33,35,1365
33,36,1366
33,37,1367
33,38,1368
33,39,1369
33,40,1370
33,41,1371
33,42,1372
33,43,1373
33,44,1374
33,45,1375
33,46,2416
33,47,2417
33,48,2418
33,49,2419
33,50,2420
33,51,2421
33,52,2422
33,53,2423
33,54,2424
33,55,2425
33,56,2426
33,57,2427
33,58,2428
33,59,2429
33,60,2430
33,61,2561
33,62,2562
33,63,2563
33,64,2564
33,65,2565
33,66,2566
33,67,2567
33,68,2568
33,69,2569
33,70,2570
33,71,2571
33,72,2572
33,73,2573
33,74,2574
33,75,2575
33,76,3616
33,77,3617
33,78,3618
33,79,3619
33,80,3620
33,81,3621
33,82,3622
33,83,3623
33,84,3624
33,85,3625
33,86,3626
33,87,3627
33,88,3628
33,89,3629
33,90,3630
33,91,3761
33,92,3762
33,93,3763
33,94,3764
33,95,3765
33,96,3766
33,97,3767
33,98,3768
33,99,3769
33,100,3770
33,101,3771
33,102,3772
33,103,3773
33,104,3774
33,105,3775
34,1,160
34,2,159
34,3,158
34,4,157
34,5,156
34,6,155
34,7,154
34,8,153
34,9,152
34,10,151
34,11,150
34,12,149
34,13,148
34,14,147
34,15,146
34,16,1245
34,17,1244
34,18,1243
34,19,1242
34,20,1241
34,21,1240
34,22,1239
34,23,1238
34,24,1237
34,25,1236
34,26,1235
34,27,1234
34,28,1233
34,29,1232
34,30,1231
34,31,1360
34,32,1359
34,33,1358
34,34,1357
34,35,1356
34,36,1355
34,37,1354
34,38,1353
34,39,1352
34,40,1351
34,41,1350
34,42,1349
34,43,1348
34,44,1347
34,45,1346
34,46,2445
34,47,2444
34,48,2443
34,49,2442
34,50,2441
34,51,2440
34,52,2439
34,53,2438
34,54,2437
34,55,2436
34,56,2435
34,57,2434
34,58,2433
34,59,2432
34,60,2431
34,61,2560
34,62,2559
34,63,2558
34,64,2557
34,65,2556
34,66,2555
34,67,2554
34,68,2553
34,69,2552
34,70,2551
34,71,2550
34,72,2549
34,73,2548
34,74,2547
34,75,2546
34,76,3645
34,77,3644
34,78,3643
34,79,3642
34,80,3641
34,81,3640
34,82,3639
34,83,3638
34,84,3637
34,85,3636
34,86,3635
34,87,3634
34,88,3633
34,89,3632
34,90,3631
34,91,3760
34,92,3759
34,93,3758
34,94,3757
34,95,3756
34,96,3755
34,97,3754
34,98,3753
34,99,3752
34,100,3751
34,101,3750
34,102,3749
34,103,3748
34,104,3747
34,105,3746
35,1,131
35,2,132
35,3,133
35,4,134
35,5,135
35,6,136
35,7,137
35,8,138
35,9,139
35,10,140
35,11,141
35,12,142
35,13,143
35,14,144
35,15,145
35,16,1246
35,17,1247
35,18,1248
35,19,1249
35,20,1250
35,21,1251
35,22,1252
35,23,1253
35,24,1254
35,25,1255
35,26,1256
35,27,1257
35,28,1258
35,29,1259
35,30,1260
35,31,1331
35,32,1332
35,33,1333
35,34,1334
35,35,1335
35,36,1336
35,37,1337
35,38,1338
35,39,1339
35,40,1340
35,41,1341
35,42,1342
35,43,1343
35,44,1344
35,45,1345
35,46,2446
35,47,2447
35,48,2448
35,49,2449
35,50,2450
35,51,2451
35,52,2452
35,53,2453
35,54,2454
35,55,2455
35,56,2456
35,57,2457
35,58,2458
35,59,2459
35,60,2460
35,61,2531
35,62,2532
35,63,2533
35,64,2534
35,65,2535
35,66,2536
35,67,2537
35,68,2538
35,69,2539
35,70,2540
35,71,2541
35,72,2542
35,73,2543
35,74,2544
35,75,2545
35,76,3646
35,77,3647
35,78,3648
35,79,3649
35,80,3650
35,81,3651
35,82,3652
35,83,3653
35,84,3654
35,85,3655
35,86,3656
35,87,3657
35,88,3658
35,89,3659
35,90,3660
35,91,3731
35,92,3732
35,93,3733
35,94,3734
35,95,3735
35,96,3736
35,97,3737
35,98,3738
35,99,3739
35,100,3740
35,101,3741
35,102,3742
35,103,3743
35,104,3744
35,105,3745
36,1,130
36,2,129
36,3,128
36,4,127
36,5,126
36,6,125
36,7,124
36,8,123
36,9,122
36,10,121
36,11,120
36,12,119
36,13,118
36,14,117
36,15,116
36,16,1275
36,17,1274
36,18,1273
36,19,1272
36,20,1271
36,21,1270
36,22,1269
36,23,1268
36,24,1267
36,25,1266
36,26,1265
36,27,1264
36,28,1263
36,29,1262
36,30,1261
36,31,1330
36,32,1329
36,33,1328
36,34,1327
36,35,1326
36,36,1325
36,37,1324
36,38,1323
36,39,1322
36,40,1321
36,41,1320
36,42,1319
36,43,1318
36,44,1317
36,45,1316
36,46,2475
36,47,2474
36,48,2473
36,49,2472
36,50,2471
36,51,2470
36,52,2469
36,53,2468
36,54,2467
36,55,2466
36,56,2465
36,57,2464
36,58,2463
36,59,2462
36,60,2461
36,61,2530
36,62,2529
36,63,2528
36,64,2527
36,65,2526
36,66,2525
36,67,2524
36,68,2523
36,69,2522
36,70,2521
36,71,2520
36,72,2519
36,73,2518
36,74,2517
36,75,2516
36,76,3675
36,77,3674
36,78,3673
36,79,3672
36,80,3671
36,81,3670
36,82,3669
36,83,3668
36,84,3667
36,85,3666
36,86,3665
36,87,3664
36,88,3663
36,89,3662
36,90,3661
36,91,3730
36,92,3729
36,93,3728
36,94,3727
36,95,3726
36,96,3725
36,97,3724
36,98,3723
36,99,3722
36,100,3721
36,101,3720
36,102,3719
36,103,3718
36,104,3717
36,105,3716
37,1,101
37,2,102
37,3,103
37,4,104
37,5,105
37,6,106
37,7,107
37,8,108
37,9,109
37,10,110
37,11,111
37,12,112
37,13,113
37,14,114
37,15,115
37,16,1276
37,17,1277
37,18,1278
37,19,1279
37,20,1280
37,21,1281
37,22,1282
37,23,1283
37,24,1284
37,25,1285
37,26,1286
37,27,1287
37,28,1288
37,29,1289
37,30,1290
37,31,1301
37,32,1302
37,33,1303
37,34,1304
37,35,1305
37,36,1306
37,37,1307
37,38,1308
37,39,1309
37,40,1310
37,41,1311
37,42,1312
37,43,1313
37,44,1314
37,45,1315
37,46,2476
37,47,2477
37,48,2478
37,49,2479
37,50,2480
37,51,2481
37,52,2482
37,53,2483
37,54,2484
37,55,2485
37,56,2486
37,57,2487
37,58,2488
37,59,2489
37,60,2490
37,61,2501
37,62,2502
37,63,2503
37,64,2504
37,65,2505
37,66,2506
37,67,2507
37,68,2508
37,69,2509
37,70,2510
37,71,2511
37,72,2512
37,73,2513
37,74,2514
37,75,2515
37,76,3676
37,77,3677
37,78,3678
37,79,3679
37,80,3680
37,81,3681
37,82,3682
37,83,3683
37,84,3684
37,85,3685
37,86,3686
37,87,3687
37,88,3688
37,89,3689
37,90,3690
37,91,3701
37,92,3702
37,93,3703
37,94,3704
37,95,3705
37,96,3706
37,97,3707
37,98,3708
37,99,3709
37,100,3710
37,101,3711
37,102,3712
37,103,3713
37,104,3714
37,105,3715
38,1,BORLAUG 100
38,2,BORLAUG 100
38,3,BORLAUG 100
38,4,BORLAUG 100
38,5,BORLAUG 100
38,6,BORLAUG 100
38,7,BORLAUG 100
38,8,BORLAUG 100
38,9,BORLAUG 100
38,10,BORLAUG 100
38,11,BORLAUG 100
38,12,BORLAUG 100
38,13,BORLAUG 100
38,14,BORLAUG 100
38,15,BORLAUG 100
38,16,BORLAUG 100
38,17,BORLAUG 100
38,18,BORLAUG 100
38,19,BORLAUG 100
38,20,BORLAUG 100
38,21,BORLAUG 100
38,22,BORLAUG 100
38,23,BORLAUG 100
38,24,BORLAUG 100
38,25,BORLAUG 100
38,26,BORLAUG 100
38,27,BORLAUG 100
38,28,BORLAUG 100
38,29,BORLAUG 100
38,30,BORLAUG 100
38,31,BORLAUG 100
38,32,BORLAUG 100
38,33,BORLAUG 100
38,34,BORLAUG 100
38,35,BORLAUG 100
38,36,BORLAUG 100
38,37,BORLAUG 100
38,38,BORLAUG 100
38,39,BORLAUG 100
38,40,BORLAUG 100
38,41,BORLAUG 100
38,42,BORLAUG 100
38,43,BORLAUG 100
38,44,BORLAUG 100
38,45,BORLAUG 100
38,46,BORLAUG 100
38,47,BORLAUG 100
38,48,BORLAUG 100
38,49,BORLAUG 100
38,50,BORLAUG 100
38,51,BORLAUG 100
38,52,BORLAUG 100
38,53,BORLAUG 100
38,54,BORLAUG 100
38,55,BORLAUG 100
38,56,BORLAUG 100
38,57,BORLAUG 100
38,58,BORLAUG 100
38,59,BORLAUG 100
38,60,BORLAUG 100
38,61,BORLAUG 100
38,62,BORLAUG 100
38,63,BORLAUG 100
38,64,BORLAUG 100
38,65,BORLAUG 100
38,66,BORLAUG 100
38,67,BORLAUG 100
38,68,BORLAUG 100
38,69,BORLAUG 100
38,70,BORLAUG 100
38,71,BORLAUG 100
38,72,BORLAUG 100
38,73,BORLAUG 100
38,74,BORLAUG 100
38,75,BORLAUG 100
38,76,BORLAUG 100
38,77,BORLAUG 100
38,78,BORLAUG 100
38,79,BORLAUG 100
38,80,BORLAUG 100
38,81,BORLAUG 100
38,82,BORLAUG 100
38,83,BORLAUG 100
38,84,BORLAUG 100
38,85,BORLAUG 100
38,86,BORLAUG 100
38,87,BORLAUG 100
38,88,BORLAUG 100
38,89,BORLAUG 100
38,90,BORLAUG 100
38,91,BORLAUG 100
38,92,BORLAUG 100
38,93,BORLAUG 100
38,94,BORLAUG 100
38,95,BORLAUG 100
38,96,BORLAUG 100
38,97,BORLAUG 100
38,98,BORLAUG 100
38,99,BORLAUG 100
38,100,BORLAUG 100
38,101,BORLAUG 100
38,102,BORLAUG 100
38,103,BORLAUG 100
38,104,BORLAUG 100
38,105,BORLAUG 100
